Theme,Mots
Qualité de la formation,"apprentissage, concours, cours, course, discours, explication, parcours, recours, secours"
Encadrement et pédagogie,"approfondi, approfondie, approfondir, approfondissement, approfondissemer, coach, coache, encadrement, enseignant, formateur, informateur, prof, professeur, profession, professionnalism, professionnalisme, professionnel, professionnellement, professionnellemer, professoral, profil, profit, profitable, profitai, profitant, profite, profiter, profiton, profond, profonde, profondeur, profusion, suivi, suivie, suivit"
Plateforme et outils numériques,"application, compositeur, ergonomie, interface, interfacer, outil, parasite, site, siter, transiter, visite, visiter, visiteur"
Support et relation client,"aide, aident, aider, assistance, contact, contacte, contacter, contacton, entraide, entraider, insupportable, raide, relation, relationnel, support, supportable, supporte, supporter"
Organisation et gestion du temps,"contretemps, digestion, gestion, gestionnaire, longtemps, organisation, planning, printemps, suggestion, temps"
Satisfaction et ressenti,"avis, aviser, impression, impressionnant, impressionnante, impressionner, insatisfaction, pressentir, recommandation, ressenti, ressentir, ressentit, satisfaction, surimpression"
Prix et accessibilité,"abonnement, financier, prix, tarif, tarifaire, tarification"
Évaluation et certification,"certificat, certificateur, certification, examen, validation"
Communication et interactions,"communication, discussion, mail, maillot, message, messagerie"
Autres,"abandon, abandonne, abandonner, abasourdi, abdominal, aberration, abondamment, abondant, abonnemer, abonner, abord, abordable, aborde, abordent, aborder, aboutir, aboutissant, aboutissement, abri, abriter, absenc, absence, absent, abser, absolu, absolue, absolument, absorber, abstenir, abstinence, abstraction, abstraire, abstraite, absurde, abu, abus, abusif, accent, accentuer, acceptable, acceptation, accepter, accessible, accession, accessoire, accident, accompagn, accompagnateur, accompagne, accompagnement, accompagnemer, accompagnent, accompagner, accompli, accomplie, accomplir, accomplissement, accomplissemer, accord, accorder, accordon, accouche, accouchement, accroc, accroch, accroche, accrocher, accroître, accueil, accueillant, accueillante, accueillanter, accueille, accueillir, accumuler, accusation, accuser, ace, acharnement, acharnemer, achat, acheminement, achetai, acheter, acheteur, achever, achoppement, acide, acier, acolyte, acompte, acoustique, acquier, acquiescemer, acquis, acquise, acquisition, acquérir, acte, acteur, actif, action, actionnable, actionnaire, actionner, activation, active, activemer, activer, actualis, actualisation, actualiser, actuel, actuelle, actuellement, adapt, adaptable, adaptatif, adaptation, adapte, adapter, adaptez, additionnel, adepte, adieu, adieux, adjectif, adjoint, admet, admettr, admettre, administrateur, administratif, administration, admirable, admirateur, admiratif, admiration, admire, admissible, admission, adolescent, adoptent, adopter, adoption, ador, adorable, adore, adorer, adress, adresse, adresser, adulte, affable, affaire, affect, affectif, affection, affich, affichag, affichage, affiche, affichent, afficher, affiliation, affine, affiner, affirmer, affligeante, affluence, afflux, affronter, aficionado, afin, africain, agacement, agence, agencement, agencer, agenda, agender, agent, aggraver, agile, agir, agissement, agrandi, agrandir, agrandit, agresser, agressif, aguerrir, ah, ai, aid, aigle, aiguille, aiguiller, aiguiser, aile, aill, aillant, ailler, ailleurs, aim, aimable, aimai, aime, aimer, aimerai, ainsi, air, aisance, aise, aisselle, ajout, ajoute, ajouter, ajuste, ajustement, ajuster, alais, alchimie, alcool, alentours, alerte, alerter, alexandra, alexandrer, alexandrin, algorithm, algorithme, algorithmique, alias, alignement, aligner, aliment, alimentaire, alimentation, alimenter, allai, allaitement, allaitemer, allant, allemand, aller, allergique, allez, alliant, allier, allocation, allon, allouer, allumage, allumer, allur, allure, allusion, alors, alourdir, alternance, alternante, alternatif, alternative, alterne, alterner, alternez, alto, altruisme, amas, amateur, ambassadeur, ambassadric, ambiance, ambiante, ambigu, ambitieux, ambition, ambre, amen, amende, amener, amer, ami, amical, amicale, amicalement, amie, amier, amont, amorcer, amortissement, amortisseur, amour, amoureux, amphor, ample, amplement, ampleur, amusant, amuse, amuser, an, ana, analyse, analyser, analyst, analyste, anatomie, anatomique, ancien, ancrage, ancrer, anecdote, aner, ange, angine, anglais, angle, angler, anglicisme, anglophone, angoisse, anguill, animal, animalier, animateur, animation, anime, animent, animer, anis, annale, anneau, annexe, annexer, anniversaire, annonce, annoncer, annoter, annuel, annulation, annuler, anodin, anomalie, anonyme, anormal, anormalement, antibiotique, anticiper, anxieux, apaisante, apaisement, apaiser, apercevoir, apparaître, appareil, apparemment, apparence, apparent, apparenter, apparition, appartement, appartemer, appartenance, appartenir, apparu, appel, appeler, appell, appelle, applaudir, applaudissement, applicable, appliquai, applique, appliquer, apport, apportant, apporte, apportent, apporter, apporterai, apposer, apprenant, apprenante, apprend, apprendra, apprendre, apprener, apprenti, apprentissag, apprise, apprivoiser, approch, approche, approcher, appropriation, approprier, approuver, approximatif, approximative, appui, appuie, appuyer, apte, apter, aptitude, arabe, arbitrer, arborescence, arbre, arc, arcane, architect, architecte, architectur, architectural, architecturau, architecture, archive, ardu, are, argent, arger, arguer, argument, argumentaire, argumenter, arme, armoire, arnaqu, arnaque, arnaquer, arrach, arrachage, arracher, arrangeant, arrangeer, arrangement, arrangemer, arrangent, arranger, arrivai, arrive, arrivent, arriver, arriverai, arrivez, arrogant, arroger, ars, arsenal, art, article, articul, articulaire, articulation, artificiel, artisan, artiste, artistique, ascendant, ascender, ascenseur, ascension, aspect, aspir, aspirai, aspiration, aspirer, assai, assassin, assemblent, assembler, asseoir, assez, assidu, assidue, assiette, assimil, assimilable, assimilation, assimiler, assistant, assister, association, associer, assortie, assortiment, assume, assumer, assuranc, assurance, assurant, assurer, astreindre, astronomique, astuc, astuce, astucer, astucieux, asynchrone, atelier, atler, atome, atout, attachant, attachement, attachent, attacher, attaque, attaquer, attarder, atteignable, atteignent, attein, atteindre, atteint, atteinte, atteler, attenant, attend, attendai, attendon, attendrai, attendre, attendu, attendue, attent, attente, attentif, attention, attentive, attentivement, attentiver, atterrir, atterrissage, attest, attestation, attirer, attitud, attitude, attractif, attractive, attrape, attraper, attrayant, attrayer, attrer, attribu, attribuer, attribution, atypique, aubaine, aucun, aucunement, audacieux, audible, audience, audio, audiovisuel, audiovisuelle, audit, auditeur, auditif, audition, auditive, auditoire, augmentation, augmente, augmenter, auparavant, auparaver, auquel, aurore, aussi, autant, autel, auter, auteur, authentique, auto, autodidacte, autofinancement, automate, automation, automatique, automatiquement, automatiquemer, automatisation, automatise, automatiser, automatisme, automobile, automobiliste, autonome, autonomie, autoporteur, autorisation, autoroute, autour, autre, autrement, autruche, auxiliaire, auxquelles, auxquels, aval, avaler, avance, avancement, avancemer, avancer, avancera, avant, avantag, avantage, avantager, avantageux, avare, avenant, avener, avenir, aventur, aventure, aventurer, avenue, avertir, avertissement, aveugle, avi, aviation, avir, avocat, avoir, avoisine, avoue, avouer, avril, axe, axer, azur, azure, baber, baby, bac, bachotage, bachoter, bafouillage, bagage, bagnole, bah, bail, bain, baise, baisse, baisser, baklava, bal, balade, balader, balai, balaie, balance, balancer, balayage, balayer, balbutiement, balise, balle, banal, banc, bancaire, bandage, bande, bang, bannir, banqu, banque, banquier, baptiste, baratin, baratiner, barber, barre, bas, basculer, base, baser, basique, basiquer, basket, basse, bataille, batailler, bateau, batist, batiste, batterie, battr, battre, battu, baud, bavard, bave, beal, beau, beaucoup, bec, bel, belge, belle, beller, ben, benjamin, besoin, biais, bible, bidon, bien, bienfait, bienveillanc, bienveillance, bienveillant, bienveillante, bienveillanter, bienveiller, bienvenu, bienvenue, bijou, bilan, bilingue, bille, billet, bingo, bisou, bizarre, bizarrement, blabla, blablabler, black, blagu, blague, blanc, blanche, bleu, bloc, blocag, blocage, bloqu, bloquer, blues, bof, bogue, boi, boire, bois, boisson, boit, boite, bol, bombe, bon, bonbon, bonheur, bonhomme, bonjour, bonne, bonnement, bonnet, bonsoir, bonu, bonus, boom, booster, bord, bordeaux, bordelaise, bordier, born, boss, bosse, bosser, bosseur, bot, bouche, boucher, bouchon, boucle, boucler, bouffe, bouge, bouger, boul, boulanger, boulangerie, boulette, bouleverser, boulot, boum, bouquet, bouquin, bourrage, bours, bourse, boursier, bout, bouter, boutique, bouton, boyard, branche, brancher, bras, brave, bravo, bref, breton, brette, brevet, bricolage, bricole, bricoler, briefing, brigade, briguer, brill, brillamment, brillant, brillante, briller, brin, brio, brioche, brique, briser, brochure, broderie, brosse, brouillard, brouille, brouiller, brouillon, brume, brun, brut, bruyant, budget, buffet, buisson, bulle, bureau, bureautique, bus, business, but, buter, butoir, by, bye, cabinet, cache, cacher, cachette, cadeal, cadeau, cadence, cadrage, cadre, cadrer, cafouillage, cagne, cagnotte, cahier, caisse, cake, calcul, calculateur, calculer, calculion, calendrier, calibration, calme, calmement, calorie, camarade, cambouis, camion, camp, campagne, campu, campus, canada, canader, canadien, canal, canard, cancer, cancre, candidat, candidature, canne, cantonner, canular, cap, capable, capital, capitule, capricieux, capsule, captation, capter, captif, captivant, captivante, captiver, captur, capture, capturer, capucin, capucine, car, caramel, carburant, cardiaque, cardiologu, caresser, cariste, carnet, carrelage, carrer, carte, cartomancienn, carton, cartouch, cartouche, cas, cascade, case, caser, cash, casqu, casque, casquette, casse, casser, catalogu, catalogue, catastrophe, catastrophique, catholique, caus, causant, cause, causer, cautionner, caverne, cc, ce, ceci, cela, celer, cell, celle, celler, cellule, celon, celui, cendrier, censure, censurer, cent, centaine, centime, centr, centre, centrer, cependant, cercle, cerise, cerne, cerner, certain, certaine, certainement, certains, certe, certes, certifiant, certifier, certitude, cerveau, cesse, cesser, cession, cet, cg, chacun, chaise, chaleur, chaleureuse, chaleureusement, chaleureusemer, chaleureux, challenge, challenger, chambre, champ, chance, chanceux, chandeleur, chandell, chandelle, change, changeant, changement, changemer, changer, chanter, chaotique, chapeau, chapitre, chapitrer, chaque, charge, chargement, charger, chargeur, charisme, charlott, charlotte, charmant, charmante, charmer, charte, chasse, chat, chaud, chaudement, chauffe, chauffer, chauffeur, chausser, chef, cheffe, cheikh, chemin, cheminement, cher, cherch, cherchai, cherche, chercher, chercheur, cherchon, cheval, cheveu, cheveux, chevill, cheville, chez, chiant, chichi, chien, chiffon, chiffre, chiffrer, chimie, chinois, chirurgical, chirurgien, choc, chocolat, chocolaterie, choisi, choisie, choisir, choisissiez, choix, chose, chou, chouette, chrom, chrome, chronique, chrono, chronologie, chuter, ci, ciao, cibl, cible, ciel, cigale, cinq, cinquantaine, cir, circonstance, circulation, circuler, cire, cirer, cite, citer, citoyen, citron, civil, clair, claire, clairement, clairer, claque, claquement, claquer, clarification, clarifier, clarisse, classe, classement, classemer, classer, classification, classique, clause, clavier, clef, clerc, clic, client, clignotant, climat, clin, clinicien, clinique, clip, cliqu, clique, cliquer, cloche, clou, club, clé, coche, cocher, cochon, cocktail, codage, code, coder, codicille, codification, codirecteur, coeur, coffret, cogiter, cognitif, cognitive, coiffer, coiffeur, coiffeus, coiffeuser, coiffure, coin, cois, colis, coll, collaborant, collaborateur, collaboration, collaboratric, collaborer, collage, collant, colle, collecte, collectif, collection, collective, coller, collet, colonne, colossal, colossaler, combattre, combien, combinaison, combine, combiner, comble, combler, command, commandant, commande, commander, comme, commenc, commence, commencemer, commencent, commencer, commencez, comment, commentair, commentaire, commenter, commerc, commerce, commercial, commerciale, commercialiser, commet, commettre, commis, commission, commun, communautaire, commune, communicant, communicatif, communiquant, communique, communiquer, compact, compagne, compagnie, compagnon, comparable, comparaison, comparateur, comparatif, compare, comparer, comparse, compassion, compatible, compensation, compenser, complet, complexe, complexer, complication, compliment, complimer, compliqu, complique, compliquer, comporte, comportement, comportemental, comporter, composante, compose, composent, composer, composition, comprend, comprendre, comprenn, comprenon, compression, compris, comprise, compromettre, compromis, compta, comptabiliser, comptable, comptaient, compte, comptent, compter, compteur, comptoir, con, conatif, concentration, concentrer, concept, concepteur, conception, concerne, concerner, concession, concevoir, conci, conciliable, concilier, concis, concise, conciser, concision, concluant, concluante, conclure, conclusion, concomitant, concordance, concorde, concorder, concoure, concret, concurrence, concurrent, concurrentiel, condamnable, condenser, condescendante, condescendre, condisciple, condition, conditionner, conducteur, conduire, conduit, conduite, confectionner, confianc, confiance, confiant, confiante, confidence, confidentielle, confier, configuratier, configuration, configurer, confinement, confinemer, confiner, confirmant, confirmation, confirme, confirmer, conflit, confondre, confondue, conforme, conformer, confort, confortable, confortablement, conforter, confrontation, confronter, confu, confus, confusion, congoler, conjoindre, conjoint, conjoncture, conjoncturel, conjuguer, connai, connaissai, connaissance, connaissancer, connaisse, connaisseur, connaître, connect, connecter, connexe, connexion, conquise, conquérir, consacrer, conscience, consciencieux, conscient, consciente, conscier, conseil, conseill, conseille, conseillent, conseiller, conseillerai, consentement, conservation, conserve, conserver, consignation, consigne, consistance, consistant, consiste, consister, consoeur, consolidation, consolider, consommateur, consommation, consommer, constamment, constammer, constance, constant, constante, constat, constatai, constater, conster, constituer, constitution, constructif, construction, constructive, construire, construit, construite, consulat, consult, consultable, consultant, consultation, consulte, consulter, contagieuser, contagieux, contant, conte, contenance, contenir, content, contente, contentement, contenter, contentieux, contenu, contenue, conter, conteste, contexte, contextuel, contien, contient, continent, continu, continuait, continuation, continue, continuel, continuellement, continuellemer, continuer, continuera, continueron, continuez, continuon, contraception, contractuel, contractuellement, contradiction, contradictoire, contraignant, contraignante, contraindre, contraint, contrainte, contraire, contrairement, contrat, contravention, contre, contrecoup, contredire, contrepartie, contresens, contribue, contribuer, contribution, convaincant, convaincante, convaincanter, convaincer, convaincre, convaincue, convenable, convenablement, convenaient, convenance, convenir, convention, conventionnel, convenue, converger, conversation, conversion, converti, convertir, conviction, convienn, conviennent, convient, convier, convive, convivial, conviviale, conviviau, convocation, cool, coordination, copain, copie, copier, copilote, copine, coquillage, coquille, corde, cordial, cordiale, cordialement, cordialemer, corporel, corps, corpus, correct, correcte, correctement, correcter, correcteur, correctif, correction, correspond, correspondait, correspondance, correspondant, corresponde, correspondent, correspondre, corrige, corrigent, corriger, corrompu, corse, costaud, cotation, cote, coter, cou, couac, couche, coucou, coude, coudre, coul, coule, couleur, coup, coupe, couper, couperet, couple, coupure, cour, courage, courant, courbe, courer, courir, couronne, couronner, courrier, court, courtage, courte, courter, courtier, courtoi, courtois, courtoisi, courtoisie, cousin, coussinet, couteau, coutume, coutur, couture, couvert, couverture, couvr, couvrant, couvre, couvrir, crack, crain, craindre, crainte, craintif, crampon, cran, crase, crescendo, creuser, creux, crise, crisper, critique, critiquer, croate, crocher, crochu, croire, croisement, croiser, croison, croissance, croissant, croisser, croqui, cross, croyance, croyez, crucial, cruciale, cruciau, cruellement, cruellemer, cube, cuisine, cuisiner, cuisinier, cuisse, cuit, culinaire, cultiv, cultiver, culture, culturel, cumuler, curage, cure, curieux, curseur, cursu, cursus, cycle, cyclism, cystite, daller, dame, dan, danger, dangereux, danse, data, datant, datation, date, dater, dauphin, davantage, dedan, dedans, dehors, delta, delter, demain, demand, demandai, demandant, demande, demander, demandeur, demeurant, demeure, demeurer, demeuron, demi, demie, demoiselle, dense, dent, dentaire, dentiste, depui, depuis, der, dermatologie, dermatologue, dernier, descendre, descriptif, description, design, desquelle, dessein, dessert, dessin, dessinateur, dessiner, dessou, dessous, dessu, dessus, destin, destination, dette, deux, devant, devenir, devien, deviendra, devient, devine, deviner, devis, devoir, devrai, diagnostic, diagramme, dialogue, dialoguer, dian, diane, diapason, diapo, diapositiv, diapositive, dicter, diction, dictionnaire, dicton, didacticiel, didactique, didactiquer, dieu, diffamatoire, difficile, difficilement, difficilemer, diffuser, diffuseur, diffusion, digeste, digester, digital, digitale, digne, diligence, dimanche, dimension, dimensionner, diminuer, dingue, dire, direct, directe, directement, directer, directeur, directif, direction, directrice, dirige, dirigeant, diriger, dirigez, disai, disant, discernement, discerner, discipl, disciplinaire, discipline, discorde, discour, discriminatoire, discutable, discuter, discution, dise, disent, dison, disparate, disparaître, disparition, dispense, dispenser, dispo, disponible, dispos, disposant, dispose, disposer, disposion, dispositif, disposition, disque, dissiper, dissocier, distanc, distance, distancer, dister, distille, distinct, distincte, distinctif, distingue, distinguer, distraire, distribuer, distributeur, distribution, dit, dite, diver, divergence, diverger, divers, diverse, diversification, diversifie, diversifier, divertir, division, divulgation, dix, dizaine, djinn, dm, docker, docteur, document, documentaire, documentatier, documentation, documenter, doi, doigt, dol, dollar, dom, domaine, domicil, domicile, dommage, dommageable, dompter, don, donc, donnai, donne, donner, donnerai, dont, dorai, dormir, dos, dosage, dose, dossier, dot, dou, douane, doublage, double, doubler, doublon, douce, doucement, doucer, douceur, douillet, douleur, douloureuse, douloureux, doute, douter, douteu, douteux, doux, douze, doyen, dresse, droit, droite, drop, dubitatif, dun, duo, duplique, dupliquer, duquel, dur, durable, dure, durement, durer, dynamique, dynamise, dynamiser, dynamism, dynamisme, dynamite, dysfonction, dysfonctionnement, dysfonctionnemer, dyslexie, dyslexique, e, eau, effacer, effectif, effectivement, effectuer, effet, efficace, efficacement, efficacemer, efficacer, efficient, efficiente, effondrer, efforcer, effort, effrayer, ego, eh, elle, emballer, embarquai, embarquer, embauch, embauche, embaucher, embaumer, embellir, embrouille, emmener, empathi, empathie, emphatique, empire, empirique, emplacement, emplette, empli, emploi, employable, employer, employeur, empocher, emporter, empreindre, empreint, empressement, emprisonnement, emprunt, emprunter, encadremer, encadrer, encadreur, encadron, encaissement, encart, enceint, enceinte, enchante, encher, enclenche, encoche, encombre, encontre, encore, encourage, encourageant, encourageante, encourageanter, encourageer, encouragement, encouragemer, encourager, encourir, encre, encrer, endettement, endetter, endormi, endormir, endroit, endurance, enfance, enfant, enfante, enfantement, enfer, enfermer, enfin, enfoncer, engage, engageant, engageante, engageer, engagement, engager, engendrer, engineering, englobe, englober, engouement, engouemer, engraisse, engueuler, enjeu, enjeux, enlever, ennui, ennuyai, ennuyant, ennuyer, ennuyeux, enraiement, enregistrai, enregistrement, enregistremer, enregistrer, enrichi, enrichie, enrichir, enrichissant, enrichissante, enrichissanter, enrichissement, enrichisser, enseigne, enseignement, enseignemer, enseignent, enseigner, ensembl, ensemble, ensuite, entame, entamer, entant, entendeur, entendre, enter, enthousiasm, enthousiasmant, enthousiasme, enthousiasmer, enthousiaste, entier, entorse, entourage, entourer, entraid, entrain, entrant, entrave, entraver, entre, entremet, entremets, entremis, entreprend, entreprendr, entreprendre, entrepreneur, entrepreneus, entreprise, entrer, entretenir, entretien, entrevoir, envahir, envahissant, enveloppe, envelopper, envergure, envers, envi, envie, envier, environ, environnement, envisage, envisager, envoi, envoie, envoyer, er, ergonomi, ergonomique, ergonomiquer, erreur, escape, escient, escroquerie, espac, espace, espacer, espagnol, espoir, esprit, essai, essaie, essaierai, essayai, essayant, essaye, essayer, essayez, essence, essentiel, essentielle, essentiellement, esser, essuyer, estancia, estimation, estime, estimer, estival, estomp, etc, euh, euro, ex, exact, exacte, exactement, exactemer, exactitude, examinateur, examine, examiner, exaucer, excell, excellemment, excellenc, excellence, excellent, excellente, excellenter, excellentissime, exceller, excepter, exception, exceptionnel, exceptionnelle, exceptionnellement, excessif, excessivement, exciter, exclure, exclusif, exclusive, exclusivement, excus, excuse, excuser, excusez, excuson, exempl, exemplaire, exemple, exerc, exerce, exercer, exercic, exercice, exergue, exhaustif, exhaustive, exige, exigeant, exigeante, exigeer, exigence, exiger, existant, existante, existe, existence, exister, exorbitant, exorbiter, expatriation, expectative, expert, experte, expertis, expertise, explicatif, explicative, explicativer, explicite, explicitement, expliciter, expliqu, explique, expliquer, exploit, exploitable, exploitation, exploite, exploiter, exploration, explorer, exploser, explosif, explosive, exposer, exposition, express, expressier, expression, exprimer, extensible, extensif, extension, externe, externer, extra, extraire, extrait, extraordinaire, extraordinairement, extrer, fabricant, fabuleuser, fabuleux, face, facer, facette, faciale, facile, facilement, facilemer, faciler, facilit, facilitant, facilitation, facilite, facilitent, faciliter, facteur, factuel, facturation, facture, facturer, fai, faible, faibler, faiblesse, faill, faille, faillir, faillite, faim, faire, faisable, faisai, faison, fait, faite, falloir, fameu, fameux, familial, familiarisation, familiariser, familiau, familier, famill, famille, fantastique, farin, fascicul, fascicule, fascinant, fasse, fastidieuse, fastidieux, fatidique, fatiger, fatigue, fatiguer, faut, faute, fauter, fauteuil, faux, faveur, favorable, favorablement, favori, favorise, favoriser, favorite, femme, femmer, fer, fera, ferai, ferme, fermement, fermer, fermeture, feron, ferrer, ferveur, fesse, fesser, fessier, festif, feu, feuill, feuille, feuillet, feux, fi, fiable, fiancer, fibr, fibre, ficeler, ficelle, fich, fiche, fichier, fichu, fichue, fictif, fiduciaire, fier, figue, figure, figurer, figurine, fil, file, filet, filial, fille, filleul, film, filmer, fils, filtre, filtrer, fin, final, finale, finalement, finalisation, financ, finance, financement, financer, fine, finement, fini, finir, finit, finition, fioriture, firme, fiscal, fiscalemer, fit, fixe, fixer, flacon, flagrant, flambeau, flamme, flan, flash, flatteur, flemmard, fleur, fleure, fleurir, fleuriste, fleuve, flexible, flic, flop, flor, floral, florence, florentin, florissant, flotter, flou, fluide, flux, focal, focaliser, foi, foie, foireux, fois, foisonnante, folie, fonce, foncer, foncez, fonction, fonctionn, fonctionnaire, fonctionne, fonctionnel, fonctionnelle, fonctionnement, fonctionner, fond, fondamental, fondamentale, fondamentau, fondateur, fondatrice, fondement, fondre, fonds, for, force, forcement, forcemer, forcer, forestier, forfaire, forfait, forger, forgeron, form, forma, formaliser, format, formater, formatif, formation, formative, forme, formel, formelle, formellement, former, formidable, formidablement, formidabler, formul, formulaire, formulation, formule, formuler, fort, forte, fortement, fortifier, fortiori, fortune, forum, fosse, fou, foudre, foudroyante, fougue, fouiller, foul, foule, fourmill, fourmiller, fourni, fournie, fournir, fournisseur, fournisson, fournit, fourniture, foutu, foyer, fraction, fractionnement, fractionner, fragile, frais, fraise, framboise, franc, franchement, franchi, franchir, franchise, francophone, franglais, frappe, fraudeur, frauduleux, frein, freiner, frer, fric, fris, froid, froide, fromage, front, fructueu, fructueux, fruit, frustrant, frustrante, frustratier, frustration, frustrer, fuir, fulgurant, fulgurante, full, fur, furieux, fusion, futile, futur, future, fuyez, gabarit, gaff, gaga, gage, gagn, gagnant, gagne, gagner, gain, galaxie, galett, galette, galvanisant, gambett, gamm, gamme, gar, garance, garanti, garantie, garantir, garantit, garc, garce, garde, garder, gardera, garderez, garni, garnir, gars, gaspillage, gaspiller, gastronomie, gauche, gaufre, gendre, genr, genre, gens, gentil, gentille, gentilless, gentillesse, gentiment, gentimer, gest, geste, gestuelle, gigantesque, gilet, gill, gille, gindre, giratoire, glace, glissant, glisser, global, globale, globalement, gluten, go, goal, gogo, golden, gommage, gommer, gonfler, gouffre, gourmand, gourmandise, gourou, goutte, gouvernanc, gouvernemental, gracia, gracieusement, gracieux, grade, grain, grammaire, grammatical, grand, grandement, grandeur, grandi, grandie, grandiose, grandir, grandissante, granulaire, graphique, graphism, graphisme, graphist, graphiste, gras, grasse, gratifiant, gratification, gratifier, gratitud, gratitude, gratuit, gratuite, gratuitement, gratuitemer, grave, gravement, graviter, grenouillage, grer, grief, gris, grisant, gros, grosse, grossesse, grossier, grossir, group, groupag, groupe, guerre, guid, guidage, guide, guider, guillaum, guillaume, guise, guitar, habiller, habitation, habite, habiter, habitud, habitude, habituel, habituelle, habituellement, habituellemer, habituer, hallucinant, handicap, hantise, harceler, harmonie, harmonisation, haro, hasard, hasardeux, hausse, haut, hautain, haute, hautement, hauteur, hav, have, hebdomadaire, hein, hello, hermine, heur, heure, heurer, heureusement, heureusemer, heureuser, heureux, heurter, hi, hic, hier, histoire, historique, hiver, ho, hochet, home, homm, homme, homologue, honneur, honnir, honorable, honore, honorer, honte, honteux, hop, horaire, horizon, hormis, horreur, horrible, hors, hospitalier, hospitaliser, houlette, hui, huil, huile, huir, huissier, huit, humain, humaine, humainement, humainemer, humanis, humanise, humanisme, humanitaire, humble, humeur, humoristique, humour, hurler, hybride, hyperthermie, ibi, ibis, ici, iconographie, iconographique, id, idem, identifiant, identification, identifier, identique, idiot, if, ignoble, ignorai, ignorer, illico, illuminer, illustrateur, illustration, illustre, illustrer, imag, image, imager, imageri, imagerie, imagin, imaginable, imaginai, imagine, imaginer, imbattable, immatriculation, immature, immense, immersif, immersion, immersive, immeuble, imminence, immobilier, immuable, immunologie, impact, impacter, impair, imparable, imparti, impartir, impasse, impatiemment, impatienc, impatience, impatient, impatier, impeccable, impensable, imperfection, impersonnel, implacable, implanter, implication, impliquer, import, importanc, importance, important, importante, importe, importer, impos, imposant, impose, imposer, impossible, imprimable, imprime, imprimer, improvisation, improviser, impulsion, in, inacceptable, inaccessible, inactif, inaction, inadmissible, inaptitude, inattendu, inattention, inaudible, incalculable, incapable, incarn, incarne, incarner, incertitude, incessant, incident, incite, inciter, inclinable, incluent, inclure, inclus, inclusif, inclusion, incomparable, incompatible, incomplet, incompressible, incompris, inconditionnellement, inconnu, incontestablement, incontournable, incroyable, incroyablemer, incruster, incubateur, incubation, inculquer, inculte, indemne, indemnisation, index, indexation, indicateur, indication, indice, indien, indigeste, indigne, indigner, indique, indiquer, indirect, indiscret, indiscutable, indispensable, indisponible, individu, individuel, individuellement, individuellemer, induire, industrie, industriel, inestimable, inexistant, inexistanter, inexister, infaisable, infantiliser, infection, infime, infini, infiniment, infinimer, infirme, infirmier, inflation, influence, influencer, infographie, informaticien, informatier, informatif, information, informatique, informe, informel, informer, infractier, infraction, infrastructure, infructueux, ingrat, inhabituel, inimaginable, inique, initial, initiale, initialement, initialisation, initiation, initiative, initier, injecter, injection, injuste, innombrable, innovateur, innovation, innover, inoubliable, inqualifiable, inquiet, insane, insatisfaire, insatisfaisant, insatisfaisante, insatisfait, inscription, inscrir, inscrire, inscrit, inscrivai, inscrivez, insecte, insertion, insipide, insistance, insister, inspection, inspir, inspirant, inspirante, inspiration, inspirer, instable, installation, installer, instance, instant, instaurer, inster, instinctif, institut, institution, instructeur, instructif, instruction, instructive, instruir, instruire, instrument, insuffisant, insuffisante, insuffiser, insuffler, insulte, insurmontable, intact, intangible, intellectuel, intellectuellement, intellectuellemer, intelligemment, intelligemmer, intelligence, intelligent, intelligente, intelliger, intempestif, intense, intensif, intensive, intensivement, intention, intentionnel, inter, interactier, interactif, interaction, interactive, interdire, interfac, interlocuteur, interminable, international, interne, internet, interpell, interrogation, interroger, interrompr, interrompre, interrupteur, interruption, intervall, intervalle, intervenant, intervener, intervenir, intervention, interview, intime, introduction, introduire, introduit, introspection, introuvable, introverti, intuitif, inutile, inutilement, inutiler, inutilisable, invalidant, invalider, inventer, inventif, invention, inverse, investi, investie, investigation, investir, investissement, investissemer, investisseur, investisseuse, investit, invisible, invitation, invite, inviter, inviton, iota, ira, irai, irrespectueuse, irrespectueux, irriter, islamique, isolement, issu, issue, item, ivoire, ivoirien, jade, jalousement, jamai, jamais, jambe, janvier, japonais, jardinage, jauge, jauger, jaune, java, jazz, jean, jeannette, jenny, jer, jet, jeter, jeu, jeudi, jeune, jeunesse, job, joie, joindre, joint, joli, jolie, jongler, joseph, joue, jouer, jouet, jouissif, jour, journal, journalier, journaliste, joyeuse, joyeux, jubiler, judicieuse, judicieusement, judicieuser, judicieux, juge, jugement, juger, juillet, juin, jule, julien, junior, jurer, juridique, juridiquement, jurist, juriste, jury, jus, jusqu, jusque, juste, justement, justesse, justice, justificatif, justification, justifier, kilomètre, kit, klaxon, label, laboratoire, labyrinthe, laconique, lacune, laisse, laisser, lambda, lamer, lamin, lamine, lance, lancement, lancer, langag, langage, langue, lapin, laps, laquelle, large, largement, largeur, las, lassant, lasser, lassitude, latence, laurier, lavage, laver, lavoir, leader, lecteur, lecture, ledit, leitmotiv, lendemain, lent, lente, lentement, lenteur, lequel, ler, let, lettre, leur, leurre, leurs, lever, levier, levure, lexical, lexiqu, li, lia, liaison, librairie, libre, libremer, licence, lien, lier, lieu, lieux, lign, ligne, limitation, limite, limiter, limpide, lin, lir, lire, lis, lisant, lisible, lisser, liste, lister, listing, lit, lite, litige, live, livrable, livraison, livre, livrer, livret, livreur, local, localisation, locataire, locatif, location, logement, logiciel, logicielle, logique, logistique, logo, loi, loin, lointain, loisir, long, longuement, longueur, look, lor, loris, lors, lorsqu, lorsque, lot, lotion, louange, louer, louis, loup, loupe, louper, lourd, lourde, lourdement, lourdeur, love, lover, loyal, loyer, lu, lucratif, ludique, ludiquer, lui, luire, lun, lundi, lunette, lutte, lutter, lux, luxe, lyonnais, m, mac, macaron, machinalement, machine, madame, madeleine, magasin, mage, magie, magique, magistral, magn, magnifier, magnifique, mai, maigre, main, maint, maintenance, maintenant, maintenir, maintenon, mainter, maintien, maintient, maire, maison, majeur, majeure, major, majore, majoritairement, mal, malade, maladie, maladresse, malaise, malchance, malencontreusemer, malencontreux, malentendu, malfaisance, malheureusement, malheureusemer, malheureux, malt, malversation, maman, mamie, man, management, managemer, manager, mandarine, manger, maniable, maniement, manier, manifestement, manille, manipulation, manipuler, manoeuvre, manoeuvrer, manqu, manquant, manquante, manque, manquement, manquer, manquerai, manuel, manuelle, manuellemer, maquant, maquette, maquillage, maquiller, mar, marathon, marc, march, marchand, marchandis, marchandise, marche, marcher, mardi, marge, marger, mari, maria, marie, marier, marina, marine, mariner, marjolain, marketing, marmite, marn, marocain, marqu, marque, marquer, marqueur, marre, marron, mars, martial, masque, masquer, massacre, massage, masse, massif, massivement, mat, materne, maternel, math, maths, matin, matinal, matrice, mauvais, mauver, max, maxim, maximal, maxime, maximiser, maximum, maya, mayer, mec, meilleur, membre, men, menacer, mener, mensonge, mensonger, mensuel, mensuelle, mensuellement, mental, mentale, mentalement, mentalemer, mentie, mention, mentionnent, mentionner, mentionniez, mentir, mentor, menu, menuiserie, mer, merci, mercredi, meris, merise, merle, merveill, merveille, merveilleuse, merveilleusement, merveilleux, mesa, messag, mestre, mesure, mesurer, met, mets, mette, metton, mettra, mettre, meuble, meunier, mg, mi, michelin, micro, microphone, midi, mien, mienne, mieux, migraine, migraineux, migration, milieu, militer, mill, mille, millefeuille, millet, millier, million, millionnaire, min, mina, minable, mince, mine, miner, mineur, mini, miniature, minimal, minime, minimiser, minimum, minou, minute, minuter, minutie, minutieusement, minutieux, miracle, miraculeux, miroir, miroiter, mise, miser, misogyne, mission, mixage, mixer, mixte, mobile, mobilier, mobilisable, mobilisation, mobiliser, moche, mod, mode, moderne, modeste, modification, modifier, modique, modul, modulaire, modulateur, module, moduler, moindre, moine, moins, mois, moment, momer, monde, mondial, mondialement, mondialisation, moniteur, monnaie, monocorde, monopoliser, monotone, monsieur, monstrueux, mont, montag, montage, montagn, montagne, montant, monte, monter, monteur, montr, montre, montrer, monumental, moque, moquer, moral, moralement, morceal, morceau, morceler, mordre, more, moreau, mort, mortel, mot, motard, moteur, motif, motion, motiv, motivant, motivante, motivation, motive, motivent, motiver, moto, motocycliste, mouchoir, moule, moulin, mouline, mourir, mousse, mousser, moutard, mouton, mouture, mouvement, moyen, moyenne, moyennement, moyenner, ms, mu, muet, multinational, multiple, multiplier, multitude, muni, municipale, mur, murmure, musa, musical, musicien, musiqu, musique, must, mute, muter, mutuel, mutuellement, mutuellemer, na, naissance, nana, nantir, narration, natal, natale, natation, natif, national, nature, naturel, naturellement, naufrage, navigateur, navigation, navigue, naviguer, navrer, nef, neige, nenni, nerveux, net, nette, nettement, neuf, neuroscience, nez, ni, niche, nichet, nickel, nickelles, nid, niveal, niveau, noble, nodule, noir, noisette, nom, nomade, nombre, nombreuse, nombreux, nome, nommer, non, nord, normal, normalement, norme, nostalgique, not, notable, notair, notaire, notamment, notation, note, noter, notification, notion, noue, nourrie, nourrir, nourrisson, nourriture, nouveau, nouvelle, nouvellement, novateur, novembre, novice, noyau, noyer, nuance, nue, nuire, nuisible, nuit, nul, nulle, nullemer, nutrition, nutritionnel, nutritionniste, objectif, objection, objective, objectivemer, objectiver, objet, oblig, obligation, obligatoire, obligatoirement, obliger, obscure, observateur, observatier, observation, observer, obsolescence, obstacle, obtenant, obtenir, obtention, obtenu, obtenue, obtien, obtiendrai, obtiennent, occasion, occasionnel, occasionnellemer, occulter, occupation, occupe, occuper, occurrence, octobre, octroi, octroyer, ocytocin, odeur, odieuse, oeil, oeuvre, off, offensif, offert, offerte, offic, office, officiel, officiellement, officier, officin, officinal, officine, offr, offraient, offre, offrent, offrir, oh, oignon, oiseau, olivier, ombr, ombre, omettre, omniscient, oncle, ond, onde, onder, onglet, opalin, open, opinion, opportun, oppresser, opter, optimal, optimale, optimisation, optimiser, optimum, option, optionnel, optique, or, oral, orale, oranger, orateur, oratric, orchestre, ordinaire, ordinateur, ordonnance, ordre, ore, oreille, organe, organis, organisateur, organise, organiser, organisme, organison, orient, orientable, orientation, orienter, originaire, original, origine, orphelin, orthograph, orthographe, os, osant, ose, oser, ostentatoire, otage, ouai, oubli, oublier, oubliez, oublion, ouest, ouf, oui, out, outre, outrepasser, ouvert, ouvertement, ouverture, ouvrage, ouvrager, ouvre, ouvrent, ouvrier, ouvrir, ouvrirai, ozone, pack, pactise, page, pai, paie, paiement, paiemer, paillette, pain, pair, palace, palais, palette, palier, pallier, palmier, palpable, pan, panda, panel, panier, panique, panneau, panorama, panoramique, pantalon, papa, paperasse, papier, papille, papy, paquet, paragraphe, paraissaient, paraisse, paraphrase, paraphraser, paravent, paraître, parc, parce, parcour, parcourir, parcourt, parcouru, pardon, pare, pareil, pareille, parent, parental, parer, parfair, parfaire, parfait, parfaite, parfaitement, parfois, pari, parier, parisien, parking, parl, parlant, parle, parler, parlerai, parlon, parmi, parole, paroxysme, parqu, parquet, parrainage, part, partag, partage, partager, partenaire, partenariat, parti, participant, participatif, participation, participe, participer, particulier, partie, partiellemer, partir, partit, partition, partout, party, paru, parution, parvenir, parvenu, parviendron, pascal, passable, passag, passage, passager, passation, passe, passent, passer, passerez, passez, passif, passion, passionnant, passionnante, passionner, passoire, passon, pathologie, patiemmer, patienc, patience, patient, patienter, patine, patric, patrice, patrimoine, patrimonial, patron, patte, paus, pause, pauvre, pay, payable, payant, payante, paye, payement, payer, pays, paysage, peau, peaufiner, pein, peine, peiner, peintr, peintre, peinture, pelle, pelvien, pelvienne, penaud, pencher, pendant, pendule, pensai, pensante, pense, penser, pente, perceptible, perception, percer, percuter, perd, perdre, perdu, perdue, perdur, perdurer, perfectible, perfection, perfectionnement, perfectionnemer, perfectionner, perfectionnism, performanc, performance, performant, performante, performer, perle, permanence, permanent, permanente, permet, permette, permettent, permettra, permettrait, permettre, permis, permise, permiss, permit, perplexe, persist, persistance, persiste, persistent, persister, personn, personnage, personnalis, personnalisation, personnaliser, personne, personnel, personnelle, personnellement, personnellemer, personner, perspectif, perspective, pert, perte, pertinemmer, pertinence, pertinent, pertinente, pertiner, perturber, pesant, petit, peu, peuple, peur, peut, peuvent, peux, phare, pharmaceutique, pharmacie, pharmacien, phas, phase, phi, philosophie, phobie, photo, photographe, photographie, photographique, phras, phrase, physiologie, physiologique, physiopathologie, physique, physiquement, pi, pianist, pianiste, pianistique, piano, picot, pictogramme, pied, pierr, pierre, pieuvre, pif, pigeon, pigeonner, piger, pile, pilier, piller, pilot, pilotage, pilote, piloter, piocher, piqu, piquer, piratage, pirater, pire, pis, pist, piste, pivot, pizzeria, place, placement, placemer, placer, plafond, plage, plaie, plain, plaindre, plaine, plainte, plair, plaire, plais, plaisant, plaisante, plaisanter, plaiser, plaisir, plan, planificateur, planification, planifier, plant, plante, planter, plaqu, plaque, plastique, plat, plate, plateau, plein, pleine, pleinement, pler, pleurer, pleuvoir, plier, plombe, plomberie, plonge, plonger, plu, pluie, plume, plupart, pluridisciplinaire, plus, plusieur, plusieurs, pneu, poch, poche, pognon, poids, poignet, poil, poile, poindre, point, pointage, pointe, pointeuse, pointilleux, pointu, pointue, pointure, poireauter, poisson, poli, police, polie, poliment, polir, politesse, politique, pollution, polyvalent, pomme, pompage, pompe, pompeu, pompon, ponctuel, ponctuellement, ponctuer, pond, pont, ponte, pool, pop, populaire, population, port, portable, portaient, portail, portant, porte, portefeuille, porter, porteur, portion, portrer, pose, poser, positif, position, positionnement, positionner, positive, positivement, positivemer, posologie, possesseur, possession, possible, possiblement, possibler, post, postal, poste, poster, posteriori, postnatal, postnatale, postulat, postuler, postur, postural, posture, pot, potasser, potentiel, potentielle, potentiellement, pou, poubelle, pouce, poudre, pouillot, poule, pourcentage, pourquoi, pourra, pourrai, pourri, pourriez, pourrir, poursuit, poursuite, poursuive, poursuivre, pourtant, pourvoir, pouss, pousse, poussent, pousser, pouvoir, pragmatique, praticien, pratique, pratiquement, pratiquemer, pratiquer, premier, prenai, prenant, prenanter, prend, prendra, prendre, prendron, prener, preneur, prennent, prenon, prescripteur, prescription, prescrir, prescrire, presque, presse, presser, presseur, pression, prestataire, prestation, prestigieu, prestigieuse, prestigieux, presto, preuve, prie, prier, prieur, prime, primordial, principal, principale, principalement, principe, priori, pris, prise, priser, prison, prive, priver, pro, probable, probablement, prober, processeur, processus, prochain, prochaine, prochainement, prochainemer, proche, procrastination, procure, procurer, prodiguer, productif, production, produire, produit, programm, programmation, programme, programmer, programmon, progress, progresse, progressent, progresser, progressera, progressif, progression, progressive, progressivement, progressivemer, prohibitif, projecteur, projection, projet, projeter, projeteur, prolongation, prolongement, prolonger, promess, promesse, promet, prometteur, promettre, promis, promo, promotion, promotionnel, promouvoir, prompt, promptement, prompteur, promptitude, prononce, prononcer, prononciation, propice, propo, proportier, proportion, propos, propose, proposent, proposer, propositier, proposition, propre, proprement, proprio, propulser, prose, prospect, prospecter, prospection, protection, protocole, prototypage, prouesse, prouver, provenance, provenir, provienn, provoquer, prudence, prudent, prune, pseudo, psoriasis, psychiatre, psychiatrie, psychiatrique, psychique, psychologie, psychologique, psychologue, psychotechnique, pub, public, publication, publicitaire, publier, publique, puer, puisque, puissanc, puissance, puissant, puissante, puisse, puisser, punch, pur, purement, pus, puzzle, pyramidal, python, qualifiant, qualifiante, qualificatif, qualification, qualifient, qualifier, qualitatif, qualitative, quand, quant, quantitatif, quart, quasi, quasiment, quatre, quel, quelconque, quell, quelle, quelque, quelquefois, questier, question, questionna, questionnair, questionnaire, questionnement, questionner, quiche, quiconqu, quiconque, quinzaine, quiproquo, quitte, quitter, quoi, quoiqu, quoique, quotidien, quotidiennement, quotidiennemer, rabais, rabattage, raccord, raccorder, raccourci, raccourcir, raccroche, raccrocher, race, racheter, racine, racister, racont, raconter, radiation, radical, radicalement, radicalemer, radio, rager, raisin, raison, raisonnable, raisonnabler, raisonnement, raisonner, rajouter, ralenti, ralentir, ralentissement, rallonge, ramass, ramasse, ramener, ramer, rami, rang, rangement, rapide, rapidement, rapider, rappel, rappeler, rapport, rapporter, rapprochement, rapprocher, rare, rarement, ras, raser, rasoir, rassembler, rassur, rassurant, rassurante, rassure, rassurer, rat, rate, rater, rattrapage, rattraper, ravi, ravie, ravir, rayon, rayonner, rebaptiser, rebondir, rebondissement, reboucher, rebouteux, rebuter, recaler, recenser, recentrer, recette, recevable, recevai, recevoir, recharge, recharger, recherchai, recherche, recherchent, rechercher, rechigner, recommand, recommandable, recommande, recommander, recommanderai, recommandon, recommence, recommencer, reconductible, reconduction, reconduire, reconnai, reconnaissance, reconnaissant, reconnaisser, reconnaître, reconnecter, reconnu, reconnue, reconstruction, reconstruire, reconversion, reconvertir, recopier, record, recourir, recouvrir, recrutement, recrutemer, recruter, recruteur, rectal, rectifier, rectorat, recueil, recueillir, recul, reculer, redemander, rediffusion, redir, redire, redondance, redondant, redondante, redonder, redonner, redoubler, redoutable, redoute, redouter, refaire, refera, referai, referiez, reflet, refondre, refonte, reforme, refroidir, refus, refuser, regagner, regain, regard, regarder, registre, regorger, regret, regrettable, regrettai, regrette, regretter, regretterai, regretterez, regretton, regroupement, regrouper, reine, rejet, rejeter, rejoin, rejoindre, rejoint, relai, relais, relance, relancer, relate, relater, relaterai, relatif, relative, relativement, relax, relaxe, relecture, reler, relever, relier, religion, relire, remarqu, remarquable, remarquablement, remarque, remarquer, remboursable, remboursement, rembourser, remerci, remerciant, remercie, remerciement, remercier, remercierai, remercion, remettre, remis, remise, remiser, remonter, remorqu, remplacement, remplacer, rempli, remplie, remplir, remplissage, remporter, rencontr, rencontre, rencontrer, rend, rendement, rendez, rendrai, rendre, rendu, renforce, renforcement, renforcer, renom, renoncer, renonciation, renouer, renouveler, renouvell, renouvellement, renseign, renseignement, renseigner, rentabiliser, rentable, rente, rentier, rentraire, rentre, rentrer, renverront, renvoi, renvoyer, repartir, repas, repasser, repayer, replacer, replonger, report, reportage, reporter, repos, repose, reposer, repositionner, repousse, repousser, reprend, reprendre, repris, reprise, reproche, reprocher, reproduir, reproduire, reproduit, reprogrammer, requis, requise, requérir, rer, respect, respectable, respecte, respecter, respective, respectivement, respectueu, respectueuse, respectueusemer, respectueux, respiration, respirer, responsable, ressembl, ressemblant, ressemblante, ressemble, ressembler, ressen, ressort, ressortent, ressortir, ressortirez, ressourc, ressource, ressourcer, rest, restante, restaurant, restauration, reste, rester, restez, restituer, restitution, reston, restrictif, restriction, restructuration, restructurer, retaper, retard, retenir, retenter, retenue, retien, retire, retirer, retomber, retouche, retour, retourne, retourner, retournerai, retraire, retrait, retraite, retranscrire, retravailler, retrouve, retrouver, retrouverez, revanche, revendiquer, revendre, revenir, revenon, revent, revente, revenu, revenue, revien, reviendron, reviennent, revisser, revit, revitaliser, revoir, revue, ri, richard, riche, richer, richesse, richissime, ricochet, ridicule, ridiculement, rie, rien, rigol, rigoureuse, rigoureux, rigueur, rime, rire, risque, risquer, rituel, rivaliser, robert, robin, robot, robuste, roch, roche, rocher, rock, roda, roder, roi, romain, roman, romane, rompre, rond, ronde, ronronner, rose, roser, rotation, rouage, roue, rouer, rouge, rougeur, rougie, rougir, roul, roule, rouler, rousseau, rout, route, router, routier, routine, roux, ru, ruban, rubrique, rudimentaire, rue, ruiner, rupture, rural, rythm, rythme, rythmique, sa, sabin, sable, sac, sach, sache, sachent, sachez, safari, sage, sagesse, sai, sain, saine, saint, saisie, saisir, saisissant, saison, saisonnier, salaire, salariat, sale, sall, salle, salon, saluer, salut, salutatier, salutation, salvateur, samedi, san, sana, sanction, sang, sangsu, sanitaire, sans, satisfai, satisfaire, satisfaisant, satisfaisante, satisfaisanter, satisfaiser, satisfait, satisfaite, satisfasse, saturation, saturnin, sauce, sauf, saura, saute, sauter, sauvegarde, sauvegarder, sauver, sauveur, savai, savammer, savant, saver, saviez, savoir, savon, savoureux, saxon, scandaleux, scanner, sceptique, scie, science, scientifique, scientifiquemer, scolaire, scor, score, script, scrupuleusemer, sculpture, sec, second, secondaire, seconde, seconder, secouer, secour, secourir, secourisme, secret, secteur, section, sein, seine, selle, seller, selon, semain, semaine, semainer, sembl, semblable, semble, sembler, sembliez, semestre, semestriel, sen, senior, sens, sensation, sensationnel, sensibiliser, sensible, sensiblement, sensitif, sent, sentiez, sentiment, sentimer, sentir, sep, sept, septembre, septique, ser, serein, sereine, sereinement, sereinemer, serg, serge, serin, serrer, sert, servent, serveur, servi, serviable, service, servie, servir, session, seul, seule, seulement, sexuel, sexuelle, show, si, sic, sien, sigma, signal, signale, signalement, signaler, signalisation, signant, signatur, signature, signe, signent, signer, signet, significatif, signification, significative, significativement, signifier, silence, silencieuser, sillon, similaire, similitude, simple, simplement, simplet, simplification, simplifier, simpliste, simulateur, simulation, simuler, singulier, sinon, sir, sis, sit, situatier, situation, situer, situerai, six, sketch, ski, skier, skieur, slogan, smart, sobre, sociable, social, sociau, socle, soeur, software, soi, soie, soif, soignant, soigneusement, soin, soir, sol, solaire, solde, solder, soleil, solidaire, solide, solidement, solidemer, solitude, sollicitation, solliciter, solliciterai, sollicitude, solo, solutier, solution, solutionne, solutionner, somm, sommaire, somme, sommeil, sommer, sommet, somptueux, son, sondage, sonn, sonner, sonnerie, sonore, soporifique, sors, sort, sortant, sorte, sortent, sorti, sortie, sortir, sou, souci, soucie, soucier, soucieuse, soucieux, soudainement, souffle, souffrance, souffrir, souhait, souhaitable, souhaitai, souhaite, souhaiter, souhaitera, souhaiterai, souhaitez, souhaiton, souher, soulagement, soulager, soulever, souligne, souligner, soulignez, soumettre, souple, souplesse, sourc, source, sourde, souriant, sourir, sourire, souris, souscription, souscrir, souscrire, souscrit, soutenance, soutenir, soutenue, soutien, soutient, souvenir, souvent, soyer, spacieux, spatial, spectaculaire, spectateur, spectre, splendide, sport, sportif, spray, sprint, squelettique, stabilisateur, stable, stade, staff, stage, stagiaire, stagn, stagner, standard, standardiste, star, starter, station, stationnement, statistique, statut, stimulant, stimulation, stimuler, stipule, stipuler, stock, stockage, stop, stopper, strass, stress, stressant, stresse, stresser, strict, stricte, strictement, string, structuration, structure, structurel, structurer, studieux, studio, stupeur, style, stylo, su, subir, sublime, subsister, substantielle, substituer, substitution, subtil, subventionner, successeur, successif, succinct, succinctement, sucette, sud, sue, suer, suffir, suffire, suffis, suffisamment, suffisant, suffisanter, suggestier, suie, suisse, suite, suivant, suive, suivez, suivre, sujet, super, superbe, superficie, superficiel, superficiellement, superflu, superposition, superviser, superviseur, supervision, supplice, supposer, suppression, supprimer, sur, surcharge, surf, surface, surgir, surgit, surmonter, surpasser, surplus, surprenant, surprendre, surpri, surpris, surprise, sursis, surtout, surveillance, surveiller, survenir, survenue, survivre, survol, survoler, sus, susceptible, susciter, suspect, suspendre, suspens, suspension, suspicieux, syllabus, sylvain, symbole, sympa, sympathi, sympathie, sympathique, sympathiquer, symper, symphonie, synchronisation, syndicat, syndrome, syntaxe, ta, table, tableau, tablette, tabou, tache, tacite, tacitement, tact, tactile, tactique, taille, taire, talc, talent, talentueu, talentueux, tan, tandis, tant, tante, tap, tape, taper, tapis, taquet, taquiner, tard, tarde, tarder, tardif, tardive, tardivement, tartare, tarte, tartelette, tas, tata, taux, tauzin, taxe, technicien, technique, techniquement, technologie, technologier, technologique, teinter, tel, telle, tellement, tellemer, temp, tempo, temporaire, temporairement, temporelle, temporiser, tenace, tenai, tenant, tendanc, tendance, tendre, tendresse, tenir, tenon, tension, tentative, tente, tenter, tenton, tenu, tenue, term, terme, termin, terminal, termine, terminer, terminologie, ternaire, terrain, terrasse, terre, terreau, terrible, terriblement, terriblemer, territoire, territoriale, test, teste, tester, testeur, testeurs, texte, textuellemer, texture, thoracique, thrombose, thune, ticket, tien, tiendron, tienne, tiers, timbre, timing, tir, tirage, tire, tirer, tisser, titrage, titre, titulaire, toile, tombe, tomber, tome, tommy, tonne, tonnerre, tonton, top, topo, tord, tordre, tort, total, totale, totalement, touch, touchant, touche, toucher, toue, toujours, tour, tourbillon, tourisme, touristique, tournage, tournant, tourne, tournent, tourner, tournure, tout, toute, toutefoi, toutefois, toux, tracas, tracasser, trace, tract, traditionnel, traducteur, traduction, traductrice, traduire, traduisible, traduite, trafic, trai, train, training, traire, trait, traitant, traite, traitement, traitemer, traiter, traiteur, trajectoir, trajectoire, trajet, tram, trame, tranche, tranquille, tranquillement, tranquillemer, transaction, transcendant, transcription, transcrire, transfert, transformation, transformatrice, transforment, transformer, transiger, transition, transitoire, transmet, transmettent, transmetton, transmettre, transmettron, transmi, transmis, transmise, transmission, transparaître, transparence, transparent, transparente, transpirer, transport, transporter, transporteur, transposable, transposer, transversale, traumatiser, traumatologie, travail, travaill, travaille, travaillent, travailler, travailleur, travaillon, traval, traver, travers, traverser, treize, trempe, tremplin, trentaine, trente, tresse, triangle, tribunal, trie, triennal, trier, trimballer, trimestre, trimestriel, trio, triple, triste, trois, trompe, tromper, trompeur, trompeuser, trop, trot, trotte, trotter, trou, trouble, trouss, trousse, trouvable, trouvai, trouve, trouver, trouverai, trouviez, truc, truffe, trust, tube, tuerie, tumultueux, tunisien, tunnel, tutelle, tuteur, tuyau, typ, type, typique, typo, typographie, u, ukrainien, ultime, ultra, ultrer, un, une, union, unique, uniquement, unir, unitaire, univer, univers, universel, universitaire, urbain, urgence, urgent, urinaire, urine, us, usage, usager, usant, usine, ustensiler, usure, utile, utilement, utilemer, utilis, utilisable, utilisai, utilisateur, utilisation, utilise, utiliser, utiliserai, utilitaire, utopique, va, vacance, vaccin, vaccinale, vaccination, vacciner, vachement, vachemer, vacher, vague, vaguement, vai, vailler, vain, vaincre, vainqueur, val, valable, valenc, valet, valette, valeur, valide, valider, valoir, valorisant, valorisante, valoriser, valse, valu, valv, van, vanill, vanille, vanter, variable, variante, variateur, variation, varie, varier, vaste, vaster, vaut, vautrer, vecteur, veille, veiller, veilleron, vend, vendeur, vendre, vendredi, venir, vent, vente, ventilateur, ventouse, ventr, ventre, venue, verbal, verbalement, verbaliser, verbe, verdict, vergne, verrez, vers, versant, versatile, version, vert, vertical, vertueux, vervein, veu, veuillez, veule, veux, vi, via, vibration, vibrer, vicieux, victime, victoir, victoire, victorier, vide, vie, vieillir, vieillot, viell, vien, vient, vieux, vif, vigilance, vigiler, vigneron, vignette, vigueur, villa, village, ville, vin, vingt, vingtaine, violence, violer, virage, virement, virer, virgini, virginie, virgule, virologie, virtuel, virtuelle, virtuos, vis, visa, visage, vise, viser, visible, visiblement, vision, visionner, vison, visualisation, visualiser, visuel, visuellement, visuellemer, vit, vital, vitamine, vite, vitesse, vitre, vitrine, vivant, vive, vivement, viver, vivr, vivre, vocabulair, vocabulaire, vocal, vocale, vocation, voeu, voi, voici, voie, voila, voile, voiler, voir, voire, voisin, voitur, voiturage, voiture, voix, vol, volant, voler, volet, voleur, volontaire, volontairement, volontier, volume, voter, voulai, vouloir, voulon, voyag, voyage, voyageai, voyager, voyant, vrac, vrai, vraie, vraiment, vraisemblable, vraisemblablement, vu, vue, vulgarisateur, vulgarisation, vulgarise, vulgariser, wagon, watt, weber, yeux, zinc, zone, zoo, zoom, à, nan"
